Rank,Location,Population,Year,Changes,Area,Population density,Foizi,Date,Source,Notes
–,World population,"6,080,671,215[1]",2000,,,,,,,
1,China,"1,261,832,482[1]",2000,,,,,,,
2,India,"1,040,000,000[2]",2000,,,,,,,
3,United States,"275,562,673[1]",2000,,,,,,,
4,Indonesia,"224,784,210[1]",2000,,,,,,,
5,Brazil,"172,860,370[1]",2000,,,,,,,
6,Russia,"146,001,176[1]",2000,,,,,,,
7,Pakistan,"141,553,775[1]",2000,,,,,,,
8,Bangladesh,"129,194,224[1]",2000,,,,,,,
9,Japan,"126,549,976[1]",2000,,,,,,,
10,Nigeria,"123,337,822[1]",2000,,,,,,,
11,Mexico,"100,349,766[1]",2000,,,,,,,
12,Germany,"82,797,408[1]",2000,,,,,,,
13,Philippines,"81,159,644[1]",2000,,,,,,,
14,Vietnam,"78,773,873[1]",2000,,,,,,,
15,Egypt,"68,359,979[1]",2000,,,,,,,
16,Turkey,"65,666,677[1]",2000,,,,,,,
17,Iran,"65,619,636[1]",2000,,,,,,,
18,Ethiopia,"64,117,452[1]",2000,,,,,,,
19,Thailand,"61,230,874[1]",2000,,,,,,,
20,United Kingdom,"59,511,464[1]",2000,,,,,,,
21,France,"59,329,691[1]",2000,,,,,,,
22,Italy,"57,634,327[1]",2000,,,,,,,
23,Democratic Republic of the Congo,"51,964,999[1]",2000,,,,,,,
24,Ukraine,"49,429,800[3]",2000,,,,,,,
25,South Korea,"47,470,969[1]",2000,,,,,,,
26,South Africa,"43,421,021[1]",2000,,,,,,,
27,Myanmar,"41,734,853[1]",2000,,,,,,,
28,Spain,"39,996,671[1]",2000,,,,,,,
29,Colombia,"39,685,655[1]",2000,,,,,,,
30,Poland,"38,646,023[1]",2000,,,,,,,
31,Argentina,"36,955,182[1]",2000,,,,,,,
32,Tanzania,"35,306,126[1]",2000,,,,,,,
33,Sudan,"35,079,814[1]",2000,,,,,,,
34,Canada,"31,281,092[1]",2000,,,,,,,
35,Algeria,"31,193,917[1]",2000,,,,,,,
36,Kenya,"30,339,770[1]",2000,,,,,,,
37,Morocco,"30,122,350[1]",2000,,,,,,,
38,Peru,"27,012,899[1]",2000,,,,,,,
39,Afghanistan,"25,838,797[1]",2000,,,,,,,
40,Uzbekistan,"24,755,519[1]",2000,,,,,,,
41,Nepal,"24,702,119[1]",2000,,,,,,,
42,Venezuela,"23,542,649[1]",2000,,,,,,,
43,Uganda,"23,317,560[1]",2000,,,,,,,
44,Iraq,"22,675,617[1]",2000,,,,,,,
45,Romania,"22,411,121[1]",2000,,,,,,,
46,Taiwan,"22,191,087[1]",2000,,,,,,,
47,Saudi Arabia,"22,023,506[1]",2000,,,,,,,
48,Malaysia,"21,793,293[1]",2000,,,,,,,
49,North Korea,"21,687,550[1]",2000,,,,,,,
50,Ghana,"19,533,560[1]",2000,,,,,,,
51,Sri Lanka,"19,238,575[1]",2000,,,,,,,
52,Australia,"19,169,083[1]",2000,,,,,,,
53,Mozambique,"19,104,696[1]",2000,,,,,,,
54,Madagascar,"18,606,000[4]",2000,,,,,,,
55,Yemen,"17,479,206[1]",2000,,,,,,,
56,Kazakhstan,"16,733,227[1]",2000,,,,,,,
57,Syria,"16,305,659[1]",2000,,,,,,,
58,Ivory Coast,"15,980,950[1]",2000,,,,,,,
59,Netherlands,"15,892,237[1]",2000,,,,,,,
60,Cameroon,"15,421,937[1]",2000,,,,,,,
61,Chile,"15,153,797[1]",2000,,,,,,,
62,Ecuador,"12,920,092[1]",2000,,,,,,,
63,Guatemala,"12,639,939[1]",2000,,,,,,,
64,Cambodia,"12,212,306[1]",2000,,,,,,,
65,Burkina Faso,"11,946,065[1]",2000,,,,,,,
66,Zimbabwe,"11,342,521[1]",2000,,,,,,,
67,Cuba,"11,141,997[1]",2000,,,,,,,
68,Mali,"10,685,948[1]",2000,,,,,,,
69,Greece,"10,601,527[1]",2000,,,,,,,
70,FR Yugoslavia,"10,400,000[5][6]",2000,,,,,,,
71,Malawi,"10,385,849[1]",2000,,,,,,,
72,Belarus,"10,366,719[1]",2000,,,,,,,
73,Czech Republic,"10,272,179[1]",2000,,,,,,,
74,Belgium,"10,241,506[1]",2000,,,,,,,
75,Angola,"10,145,267[1]",2000,,,,,,,
76,Hungary,"10,138,844[1]",2000,,,,,,,
77,Niger,"10,075,511[1]",2000,,,,,,,
78,Portugal,"10,048,232[1]",2000,,,,,,,
79,Senegal,"9,987,494[1]",2000,,,,,,,
80,Tunisia,"9,593,402[1]",2000,,,,,,,
81,Zambia,"9,582,418[1]",2000,,,,,,,
82,Sweden,"8,873,052[1]",2000,,,,,,,
83,Dominican Republic,"8,442,533[1]",2000,,,,,,,
84,Chad,"8,424,504[1]",2000,,,,,,,
85,Bolivia,"8,152,620[1]",2000,,,,,,,
86,Austria,"8,131,111[1]",2000,,,,,,,
87,Bulgaria,"7,796,694[1]",2000,,,,,,,
88,Azerbaijan,"7,748,163[1]",2000,,,,,,,
89,Guinea,"7,466,200[1]",2000,,,,,,,
90,Switzerland,"7,262,372[1]",2000,,,,,,,
91,Somalia,"7,253,137[1]",2000,,,,,,,
92,Rwanda,"7,229,129[1]",2000,,,,,,,
93,Hong Kong(PR China),"7,116,302[1]",2000,,,,,,,
94,Haiti,"6,867,995[1]",2000,,,,,,,
95,Tajikistan,"6,440,732[1]",2000,,,,,,,
96,Benin,"6,395,919[1]",2000,,,,,,,
97,Honduras,"6,249,598[1]",2000,,,,,,,
98,El Salvador,"6,122,515[1]",2000,,,,,,,
99,Burundi,"6,054,714[1]",2000,,,,,,,
100,Israel,"5,842,454[1]",2000,,,,,,,
101,Paraguay,"5,585,828[1]",2000,,,,,,,
102,Laos,"5,497,459[1]",2000,,,,,,,
103,Slovakia,"5,407,956[1]",2000,,,,,,,
104,Denmark,"5,336,394[1]",2000,,,,,,,
105,Sierra Leone,"5,232,624[1]",2000,,,,,,,
106,Finland,"5,167,486[1][Note 1]",2000,,,,,,,
107,Libya,"5,115,450[1]",2000,,,,,,,
108,‹See RfD›Georgia,"5,019,538[1]",2000,,,,,,,
109,Togo,"5,018,502[1]",2000,,,,,,,
110,Jordan,"4,998,564[1]",2000,,,,,,,
111,Papua New Guinea,"4,926,984[1]",2000,,,,,,,
112,Nicaragua,"4,812,569[1]",2000,,,,,,,
113,Kyrgyzstan,"4,685,230[1]",2000,,,,,,,
114,Turkmenistan,"4,518,268[1]",2000,,,,,,,
115,Norway,"4,481,162[1][Note 2]",2000,,,,,,,
116,Moldova,"4,430,654[1]",2000,,,,,,,
117,Croatia,"4,282,216[1]",2000,,,,,,,
118,Singapore,"4,151,264[1]",2000,,,,,,,
119,Eritrea,"4,135,933[1]",2000,,,,,,,
120,Puerto Rico(US),"3,915,798[1]",2000,,,,,,,
121,Bosnia and Herzegovina,"3,835,777[1]",2000,,,,,,,
122,New Zealand,"3,819,762[1]",2000,,,,,,,
123,Ireland,"3,797,257[1]",2000,,,,,,,
124,Costa Rica,"3,710,558[1]",2000,,,,,,,
125,Lithuania,"3,620,756[1]",2000,,,,,,,
126,Lebanon,"3,578,036[1]",2000,,,,,,,
127,Central African Republic,"3,512,751[1]",2000,,,,,,,
128,Albania,"3,490,435[1]",2000,,,,,,,
129,Armenia,"3,344,336[1]",2000,,,,,,,
130,Uruguay,"3,334,074[1]",2000,,,,,,,
131,Liberia,"3,164,156[1]",2000,,,,,,,
132,Palestinian territories,"3,152,361 (West Bank2,020,298,Gaza Strip1,132,063)[1]",2000,,,,,,,
133,Republic of the Congo,"2,830,961[1]",2000,,,,,,,
134,Panama,"2,808,268[1]",2000,,,,,,,
135,Mauritania,"2,667,859[1]",2000,,,,,,,
136,Jamaica,"2,652,689[1]",2000,,,,,,,
137,Mongolia,"2,650,952[1]",2000,,,,,,,
138,Oman,"2,533,389[1]",2000,,,,,,,
139,Latvia,"2,404,926[1]",2000,,,,,,,
140,United Arab Emirates,"2,369,153[1]",2000,,,,,,,
141,Bhutan,"2,163,000[7]",2000,,,,,,,
142,Lesotho,"2,143,141[1]",2000,,,,,,,
143,Macedonia,"2,041,467[1]",2000,,,,,,,
144,Kuwait,"1,973,572[1]",2000,,,,,,,
145,Slovenia,"1,927,593[1]",2000,,,,,,,
146,Namibia,"1,771,327[1]",2000,,,,,,,
147,Botswana,"1,576,470[1]",2000,,,,,,,
148,Estonia,"1,431,471[1]",2000,,,,,,,
149,The Gambia,"1,367,124[1]",2000,,,,,,,
150,Guinea-Bissau,"1,285,715[1]",2000,,,,,,,
152,Gabon,"1,208,436[1]",2000,,,,,,,
151,Mauritius,"1,179,368[1][Note 3]",2000,,,,,,,
153,Trinidad and Tobago,"1,175,523[1]",2000,,,,,,,
154,Swaziland,"1,083,289[1]",2000,,,,,,,
155,East Timor,"947,000[1]",2000,,,,,,,
156,Fiji,"832,494[1]",2000,,,,,,,
157,Cyprus,"758,363[Note 4][1]",2000,,,,,,,
158,Qatar,"744,483[1]",2000,,,,,,,
159,Réunion(France),"720,934[1]",2000,,,,,,,
160,Guyana,"697,286[1]",2000,,,,,,,
161,Bahrain,"634,137[1]",2000,,,,,,,
162,Comoros,"578,400[1]",2000,,,,,,,
163,Equatorial Guinea,"474,214[1]",2000,,,,,,,
164,Solomon Islands,"466,194[1]",2000,,,,,,,
165,Djibouti,"451,442[1]",2000,,,,,,,
166,Macau(PR China),"445,594[1]",2000,,,,,,,
167,Luxembourg,"437,389[1]",2000,,,,,,,
168,Suriname,"431,303[1]",2000,,,,,,,
169,Guadeloupe(France),"426,493[1]",2000,,,,,,,
170,Martinique(France),"414,516[1]",2000,,,,,,,
171,Cape Verde,"401,343[1]",2000,,,,,,,
172,Malta,"391,670[1]",2000,,,,,,,
173,Brunei,"336,376[1]",2000,,,,,,,
174,Maldives,"301,475[1]",2000,,,,,,,
175,The Bahamas,"294,982[1]",2000,,,,,,,
176,Iceland,"276,365[1]",2000,,,,,,,
177,Barbados,"274,540[1]",2000,,,,,,,
178,Belize,"249,183[1]",2000,,,,,,,
179,French Polynesia(France),"249,110[1]",2000,,,,,,,
180,Western Sahara,"244,943[1]",2000,,,,,,,
181,Netherlands Antilles(Netherlands),"210,134[1]",2000,,,,,,,
182,New Caledonia(France),"201,816[1]",2000,,,,,,,
183,Vanuatu,"189,618[1]",2000,,,,,,,
184,Samoa,"179,466[1]",2000,,,,,,,
185,French Guiana(France),"172,605[1]",2000,,,,,,,
186,São Tomé and Príncipe,"159,883[1]",2000,,,,,,,
187,Saint Lucia,"156,260[1]",2000,,,,,,,
188,Mayotte(France),"155,911[1]",2000,,,,,,,
189,Guam(US),"154,623[1]",2000,,,,,,,
190,Channel Islands(UK),"149,000[8]",2000,,,,,,,
191,Federated States of Micronesia,"133,144[1]",2000,,,,,,,
192,U.S. Virgin Islands(US),"120,917[1]",2000,,,,,,,
193,Saint Vincent and the Grenadines,"115,461[1]",2000,,,,,,,
194,Tonga,"102,321[1]",2000,,,,,,,
195,Kiribati,"91,985[1]",2000,,,,,,,
196,Grenada,"89,018[1]",2000,,,,,,,
197,Seychelles,"79,326[1]",2000,,,,,,,
198,Isle of Man(UK),"73,117[1]",2000,,,,,,,
199,Northern Mariana Islands(US),"71,912[1]",2000,,,,,,,
200,Dominica,"71,540[1]",2000,,,,,,,
201,Aruba(Netherlands),"69,539[1]",2000,,,,,,,
202,Marshall Islands,"68,126[1]",2000,,,,,,,
203,Andorra,"66,824[1]",2000,,,,,,,
204,Antigua and Barbuda,"66,422[1]",2000,,,,,,,
205,American Samoa(US),"65,446[1]",2000,,,,,,,
206,Bermuda(UK),"62,997[1]",2000,,,,,,,
207,Greenland(Denmark),"56,309[1]",2000,,,,,,,
208,Faroe Islands(Denmark),"45,296[1]",2000,,,,,,,
209,Saint Kitts and Nevis,"38,819[1]",2000,,,,,,,
210,Cayman Islands(UK),"34,763[1]",2000,,,,,,,
211,Liechtenstein,"32,207[1]",2000,,,,,,,
212,Monaco,"31,693[1]",2000,,,,,,,
213,Gibraltar(UK),"29,481[1]",2000,,,,,,,
214,San Marino,"26,937[1]",2000,,,,,,,
215,Cook Islands(Self-governing infree association withNew Zealand),"20,407[1]",2000,,,,,,,
216,British Virgin Islands(UK),"19,615[1]",2000,,,,,,,
217,Palau,"18,766[1]",2000,,,,,,,
218,Turks and Caicos Islands(UK),"17,502[1]",2000,,,,,,,
219,Wallis and Futuna(France),"15,283[1]",2000,,,,,,,
220,Nauru,"11,845[1]",2000,,,,,,,
221,Anguilla(UK),"11,797[1]",2000,,,,,,,
222,Tuvalu,"10,838[1]",2000,,,,,,,
223,Saint Helena(UK),"7,212[Note 5][1]",2000,,,,,,,
224,Saint-Pierre and Miquelon(France),"6,896[1]",2000,,,,,,,
225,Montserrat(UK),"6,409[1]",2000,,,,,,,
226,Falkland Islands(UK),"2,826[1]",2000,,,,,,,
227,Niue(Self-governing in freeassociation withNew Zealand),"2,113[1]",2000,,,,,,,
228,Tokelau(NZ),"1,458[1]",2000,,,,,,,
229,Vatican City,880[1],2000,,,,,,,
230,Pitcairn Islands(UK),54[1],2000,,,,,,,
—,World,"6,464,750,000",2005,,,,,,,
1,China,"1,307,593,000",2005,,,,,,,
2,India[2],"1,103,371,000",2005,,,,,,,
3,United States[3],"295,520,000",2005,,,,,,,
4,Indonesia,"222,781,000",2005,,,,,,,
5,Brazil,"186,405,000",2005,,,,,,,
6,Pakistan,"157,935,000",2005,1.0,,,,,,
7,Russia,"143,202,000",2005,1.0,,,,,,
8,Bangladesh,"141,822,000",2005,,,,,,,
9,Nigeria,"131,530,000",2005,1.0,,,,,,
10,Japan,"128,085,000",2005,1.0,,,,,,
11,Mexico,"107,029,000",2005,,,,,,,
12,Philippines,"85,599,000",2005,2.0,,,,,,
13,Vietnam,"84,238,000",2005,1.0,,,,,,
14,Germany,"82,689,000",2005,2.0,,,,,,
15,Ethiopia,"77,431,000",2005,1.0,,,,,,
16,Egypt,"74,033,000",2005,1.0,,,,,,
17,Turkey,"73,193,000",2005,1.0,,,,,,
18,Iran,"69,515,000",2005,1.0,,,,,,
19,France,"65,446,000",2005,1.0,,,,,,
20,Thailand,"64,233,000",2005,1.0,,,,,,
21,United Kingdom,"59,668,000",2005,,,,,,,
22,Italy,"58,093,000",2005,,,,,,,
23,Democratic Republic of the Congo,"57,549,000",2005,,,,,,,
24,Myanmar,"50,519,000",2005,,,,,,,
25,South Korea,"50,000,000",2005,1.0,,,,,,
26,South Africa,"48,432,000",2005,1.0,,,,,,
27,Ukraine,"46,481,000",2005,2.0,,,,,,
28,Colombia,"45,600,000",2005,,,,,,,
29,Spain,"43,064,000",2005,,,,,,,
30,Argentina,"38,747,000",2005,,,,,,,
31,Poland,"38,530,000",2005,,,,,,,
32,Tanzania,"38,329,000",2005,,,,,,,
33,Sudan,"36,233,000",2005,,,,,,,
34,Kenya,"34,256,000",2005,,,,,,,
35,Algeria,"32,854,000",2005,,,,,,,
36,Canada,"32,268,000",2005,,,,,,,
37,Morocco,"31,478,000",2005,,,,,,,
38,Afghanistan,"29,863,000",2005,,,,,,,
39,Uganda,"28,816,000",2005,,,,,,,
40,Iraq,"28,807,000",2005,,,,,,,
41,Peru,"27,968,000",2005,,,,,,,
42,Nepal,"27,133,000",2005,,,,,,,
43,Venezuela,"26,749,000",2005,,,,,,,
44,Uzbekistan,"26,593,000",2005,,,,,,,
45,Malaysia,"25,347,000",2005,,,,,,,
46,Saudi Arabia,"24,573,000",2005,,,,,,,
47,North Korea,"22,894,384",2005,,,,,,,
48,Taiwan,"22,488,000",2005,,,,,,,
49,Ghana,"22,113,000",2005,,,,,,,
50,Romania,"21,711,000",2005,,,,,,,
51,Yemen,"20,975,000",2005,1.0,,,,,,
52,Sri Lanka,"20,743,000",2005,1.0,,,,,,
53,Australia[4],"20,155,000",2005,2.0,,,,,,
54,Syria,"19,792,000",2005,,,,,,,
55,Mozambique,"19,043,000",2005,,,,,,,
56,Madagascar[5],"18,606,000",2005,,,,,,,
57,Côte d'Ivoire,"18,154,000",2005,,,,,,,
58,Cameroon,"16,322,000",2005,,,,,,,
59,Netherlands,"16,299,000",2005,,,,,,,
60,Chile,"16,295,000",2005,,,,,,,
61,Angola,"15,941,000",2005,,,,,,,
62,Kazakhstan,"14,825,000",2005,,,,,,,
63,Cambodia,"14,071,000",2005,,,,,,,
64,Niger,"13,957,000",2005,,,,,,,
65,Mali,"13,518,000",2005,,,,,,,
66,Ecuador,"13,228,000",2005,,,,,,,
67,Burkina Faso,"13,228,000",2005,,,,,,,
68,Zimbabwe,"13,010,000",2005,,,,,,,
69,Guatemala,"12,884,000",2005,,,,,,,
70,Malawi,"12,599,000",2005,,,,,,,
71,Zambia,"11,668,000",2005,,,,,,,
72,Senegal,"11,658,000",2005,,,,,,,
73,Cuba,"11,269,000",2005,,,,,,,
74,Greece,"11,120,000",2005,,,,,,,
75,Belgium,"10,495,000",2005,,,,,,,
76,Portugal,"10,419,000",2005,,,,,,,
77,Czech Republic,"10,220,000",2005,,,,,,,
78,Tunisia,"10,102,000",2005,,,,,,,
79,Hungary,"10,098,000",2005,,,,,,,
80,Serbia[6],"9,778,991",2005,,,,,,,
81,Chad,"9,755,000",2005,,,,,,,
82,Belarus,"9,749,000",2005,,,,,,,
83,Guinea,"9,402,000",2005,,,,,,,
84,Bolivia,"9,182,000",2005,,,,,,,
85,Sweden,"9,041,000",2005,,,,,,,
86,Rwanda,"9,038,000",2005,,,,,,,
87,Dominican Republic,"8,895,000",2005,,,,,,,
88,Haiti,"8,528,000",2005,,,,,,,
89,Benin,"8,439,000",2005,,,,,,,
90,Azerbaijan,"8,411,000",2005,,,,,,,
91,Somalia,"8,228,000",2005,,,,,,,
92,Austria,"8,189,000",2005,,,,,,,
93,Bulgaria,"7,726,000",2005,,,,,,,
94,Burundi,"7,548,000",2005,,,,,,,
95,Switzerland,"7,252,000",2005,,,,,,,
96,Honduras,"7,205,000",2005,,,,,,,
97,Hong Kong(PR China),"7,041,000",2005,,,,,,,
98,El Salvador,"6,881,000",2005,,,,,,,
99,Israel,"6,725,000",2005,,,,,,,
100,Tajikistan,"6,507,000",2005,,,,,,,
101,Paraguay,"6,158,000",2005,,,,,,,
102,Togo,"6,145,000",2005,,,,,,,
103,Laos,"5,924,000",2005,,,,,,,
104,Papua New Guinea,"5,887,000",2005,,,,,,,
105,Libya,"5,853,000",2005,,,,,,,
106,Jordan,"5,703,000",2005,,,,,,,
107,Tibet(PR China),"5,700,000",2005,,,,,,,
108,Sierra Leone,"5,525,000",2005,,,,,,,
109,Nicaragua,"5,487,000",2005,,,,,,,
110,Denmark,"5,431,000",2005,,,,,,,
111,Slovakia,"5,401,000",2005,,,,,,,
112,Kyrgyzstan,"5,264,000",2005,,,,,,,
113,Finland[7],"5,249,000",2005,,,,,,,
114,Turkmenistan,"4,833,000",2005,,,,,,,
115,Norway[8],"4,620,000",2005,,,,,,,
116,Croatia,"4,551,000",2005,,,,,,,
117,United Arab Emirates,"4,496,000",2005,,,,,,,
118,‹See RfD›Georgia,"4,474,000",2005,,,,,,,
119,Eritrea,"4,401,000",2005,,,,,,,
120,Costa Rica,"4,327,000",2005,,,,,,,
121,Singapore,"4,326,000",2005,,,,,,,
122,Moldova,"4,206,000",2005,,,,,,,
123,Ireland,"4,148,000",2005,,,,,,,
123,Central African Republic,"4,038,000",2005,,,,,,,
124,New Zealand,"4,028,000",2005,,,,,,,
125,Republic of the Congo,"3,999,000",2005,,,,,,,
126,Puerto Rico(US),"3,955,000",2005,,,,,,,
127,Bosnia and Herzegovina,"3,907,000",2005,,,,,,,
128,Palestinian territories,"3,702,000",2005,,,,,,,
129,Lebanon,"3,577,000",2005,,,,,,,
130,Uruguay,"3,463,000",2005,,,,,,,
131,Lithuania,"3,431,000",2005,,,,,,,
132,Liberia,"3,283,000",2005,,,,,,,
133,Panama,"3,232,000",2005,,,,,,,
134,Albania,"3,130,000",2005,,,,,,,
135,Mauritania,"3,069,000",2005,,,,,,,
136,Armenia,"3,016,000",2005,,,,,,,
137,Kuwait,"2,687,000",2005,,,,,,,
138,Jamaica,"2,651,000",2005,,,,,,,
139,Mongolia,"2,646,000",2005,,,,,,,
140,Oman,"2,567,000",2005,,,,,,,
141,Latvia,"2,307,000",2005,,,,,,,
142,Bhutan[9],"2,163,000",2005,,,,,,,
143,Republic of Macedonia,"2,034,000",2005,,,,,,,
144,Namibia,"2,031,000",2005,,,,,,,
145,Slovenia,"1,967,000",2005,,,,,,,
146,Lesotho,"1,795,000",2005,,,,,,,
147,Botswana,"1,765,000",2005,,,,,,,
148,Guinea-Bissau,"1,586,000",2005,,,,,,,
149,The Gambia,"1,517,000",2005,,,,,,,
150,Gabon,"1,384,000",2005,,,,,,,
151,Estonia,"1,330,000",2005,,,,,,,
152,Trinidad and Tobago,"1,305,000",2005,,,,,,,
153,Mauritius[10],"1,245,000",2005,,,,,,,
154,Swaziland,"1,032,000",2005,,,,,,,
155,East Timor,"947,000",2005,,,,,,,
156,Fiji,"848,000",2005,,,,,,,
157,Cyprus[11],"835,000",2005,,,,,,,
158,Qatar,"813,000",2005,,,,,,,
159,Comoros[12],"798,000",2005,,,,,,,
160,Djibouti,"793,000",2005,,,,,,,
161,Réunion(France),"785,000",2005,,,,,,,
162,Guyana,"751,000",2005,,,,,,,
163,Bahrain,"727,000",2005,,,,,,,
164,Montenegro[13],"620,145",2005,,,,,,,
165,Cape Verde,"507,000",2005,,,,,,,
166,Equatorial Guinea,"504,000",2005,,,,,,,
167,Solomon Islands,"478,000",2005,,,,,,,
168,Luxembourg,"465,000",2005,,,,,,,
169,Macau(PR China),"460,000",2005,,,,,,,
170,Suriname,"449,000",2005,,,,,,,
171,Guadeloupe(France),"448,000",2005,,,,,,,
172,Malta,"402,000",2005,,,,,,,
173,Martinique(France),"396,000",2005,,,,,,,
174,Brunei,"374,000",2005,,,,,,,
175,Western Sahara,"341,000",2005,,,,,,,
176,Maldives,"329,000",2005,,,,,,,
177,The Bahamas,"323,000",2005,,,,,,,
178,Iceland,"295,000",2005,,,,,,,
179,Belize,"270,000",2005,,,,,,,
180,Barbados,"270,000",2005,,,,,,,
181,French Polynesia(France),"257,000",2005,,,,,,,
182,New Caledonia(France),"237,000",2005,,,,,,,
183,Vanuatu,"211,000",2005,,,,,,,
184,French Guiana(France),"187,000",2005,,,,,,,
185,Samoa,"185,000",2005,,,,,,,
186,Netherlands Antilles(Netherlands),"183,000",2005,,,,,,,
187,Guam(US),"170,000",2005,,,,,,,
188,Saint Lucia,"161,000",2005,,,,,,,
189,São Tomé and Príncipe,"157,000",2005,,,,,,,
190,Channel Islands(UK)[14],"149,000",2005,,,,,,,
191,Saint Vincent and the Grenadines,"119,000",2005,,,,,,,
192,U.S. Virgin Islands(US),"112,000",2005,,,,,,,
193,Federated States of Micronesia,"110,000",2005,,,,,,,
194,Grenada,"103,000",2005,,,,,,,
195,Tonga,"102,000",2005,,,,,,,
196,Aruba(Netherlands),"99,000",2005,,,,,,,
197,Kiribati,"99,000",2005,,,,,,,
198,Antigua and Barbuda,"81,000",2005,,,,,,,
199,Northern Mariana Islands(US),"81,000",2005,,,,,,,
200,Seychelles,"81,000",2005,,,,,,,
201,Dominica,"79,000",2005,,,,,,,
202,Isle of Man,"77,000",2005,,,,,,,
203,Andorra,"67,000",2005,,,,,,,
204,American Samoa(US),"65,000",2005,,,,,,,
205,Bermuda(UK),"64,000",2005,,,,,,,
206,Marshall Islands,"62,000",2005,,,,,,,
207,Greenland(Denmark),"57,000",2005,,,,,,,
208,Faroe Islands(Denmark),"47,000",2005,,,,,,,
209,Cayman Islands(UK),"45,000",2005,,,,,,,
210,Saint Kitts and Nevis,"43,000",2005,,,,,,,
211,Monaco,"35,000",2005,,,,,,,
212,Liechtenstein,"35,000",2005,,,,,,,
213,San Marino,"28,000",2005,,,,,,,
214,Gibraltar(UK),"28,000",2005,,,,,,,
215,Turks and Caicos Islands(UK),"26,000",2005,,,,,,,
216,British Virgin Islands(UK),"22,000",2005,,,,,,,
217,Palau,"20,000",2005,,,,,,,
218,Cook Islands(NZ),"18,000",2005,,,,,,,
219,Wallis and Futuna(France),"15,000",2005,,,,,,,
220,Nauru,"14,000",2005,,,,,,,
221,Anguilla(UK),"12,000",2005,,,,,,,
222,Tuvalu,"10,000",2005,,,,,,,
223,Saint-Pierre and Miquelon(France),"6,000",2005,,,,,,,
224,Saint Helena(UK)[15],"5,000",2005,,,,,,,
225,Montserrat(UK),"4,000",2005,,,,,,,
226,Falkland Islands(UK),"3,000",2005,,,,,,,
227,Niue(NZ),"1,000",2005,,,,,,,
228,Tokelau(NZ),"1,000",2005,,,,,,,
229,Vatican City,783,2005,,,,,,,
230,Pitcairn Islands(UK),67,2005,,,,,,,
—,World,"6,843,522,711",2010,,,,,,,
1,China,"1,339,724,852",2010,,"9,596,961",140.0,,,,
2,India,"1,182,105,564",2010,,"3,287,263",360.0,,,,
3,United States,"309,349,689",2010,,"9,833,520",31.0,,,,
4,Indonesia,"237,641,326",2010,,"1,904,569",125.0,,,,
5,Brazil,"193,252,604",2010,,"8,515,767",23.0,,,,
6,Pakistan,"173,510,000",2010,,"881,913",197.0,,,,
7,Nigeria,"158,258,917",2010,2.0,"923,768",171.0,,,,
8,Bangladesh,"148,600,000",2010,,"147,570",1007.0,,,,
9,Russia,"142,849,472",2010,2.0,"17,075,200",8.0,,,,
10,Japan,"128,056,000",2010,,"377,972",339.0,,,,
11,Mexico,"112,336,538",2010,,"1,972,550",57.0,,,,
12,Philippines,"92,337,852",2010,,"343,448",269.0,,,,
13,Vietnam,"86,932,500",2010,1.0,"331,230.8",262.0,,,,
14,Ethiopia,"83,483,000",2010,1.0,"1,104,300",76.0,,,,
15,Germany,"81,802,257",2010,1.0,"357,168",229.0,,,,
16,Egypt,"78,728,000",2010,,"1,010,408",78.0,,,,
17,Iran,"74,733,230",2010,1.0,"1,648,195",45.0,,,,
18,Turkey,"73,722,988",2010,1.0,"783,356",94.0,,,,
19,Democratic Republic of the Congo,"67,827,496",2010,4.0,"2,345,409",29.0,,,,
20,Thailand,"63,878,267",2010,,"513,120",124.0,,,,
21,France,"62,791,013",2010,2.0,"640,679",98.0,,,,
22,United Kingdom,"62,026,962",2010,1.0,"242,495",256.0,,,,
23,Italy,"60,340,328",2010,1.0,"301,338",200.0,,,,
24,Myanmar,"59,780,000",2010,,"676,578",198.0,,,,
25,South Africa,"49,991,300",2010,1.0,"1,221,037",41.0,,,,
26,South Korea,"49,410,366",2010,1.0,"100,210",493.0,,,,
27,Spain,"45,989,016",2010,2.0,"505,990",91.0,,,,
28,Ukraine,"45,782,592",2010,1.0,"603,628",76.0,,,,
29,Colombia,"45,508,205",2010,1.0,"1,141,748",40.0,,,,
30,Tanzania,"43,187,823",2010,2.0,"947,303",46.0,,,,
31,Sudan,"42,338,426",2010,2.0,"1,886,068",22.0,,,,
32,Kenya,"40,862,900",2010,2.0,"580,367",70.0,,,,
33,Argentina,"40,518,951",2010,3.0,"2,780,400",15.0,,,,
34,Poland,"38,167,329",2010,3.0,"312,679",122.0,,,,
35,Algeria,"35,978,000",2010,,"2,381,741",15.0,,,,
36,Canada,"34,108,752",2010,,"9,984,670",3.0,,,,
37,Iraq,"32,481,000",2010,3.0,"437,072",74.0,,,,
38,Morocco,"31,894,000",2010,1.0,"710,850",45.0,,,,
39,Uganda,"31,784,600",2010,,"241,038",132.0,,,,
40,Peru,"29,461,933",2010,1.0,"1,285,216",0.0,,,,
41,Venezuela,"28,833,845",2010,2.0,"716,445",0.0,,,,
42,Malaysia,"28,334,135",2010,3.0,"330,803",0.0,,,,
43,Nepal,"28,043,744",2010,1.0,"147,181",0.0,,,,
44,Uzbekistan,"28,001,400",2010,,"448,978",0.0,,,,
45,Saudi Arabia,"27,136,977",2010,1.0,"2,149,690",0.0,,,,
46,Afghanistan,"24,485,600",2010,8.0,"652,864",0.0,,,,
47,North Korea,"24,325,701",2010,,"120,540",0.0,,,,
48,Ghana,"24,223,431",2010,1.0,"239,567",0.0,,,,
49,Taiwan,"23,162,120",2010,1.0,"36,197",0.0,,,,
50,Yemen,"23,153,982",2010,1.0,"527,968",0.0,,,,
51,Mozambique,"22,416,881",2010,4.0,"801,590",0.0,,,,
52,Australia,"22,299,800",2010,1.0,"7,692,024",0.0,,,,
53,Cote d'Ivoire,"21,570,746",2010,4.0,"322,463",0.0,,,,
54,Romania,"21,462,186",2010,4.0,"238,397",0.0,,,,
55,Sri Lanka,"20,653,000",2010,3.0,"65,610",0.0,,,,
56,Syria,"20,619,000",2010,2.0,"185,180",0.0,,,,
57,Madagascar,"20,146,442",2010,1.0,"587,041",0.0,,,,
58,Cameroon,"19,958,352",2010,,"475,442",0.0,,,,
59,Angola,"18,992,708",2010,2.0,"1,246,700",0.0,,,,
60,Chile,"17,094,270",2010,,"756,096",0.0,,,,
61,Netherlands,"16,574,989",2010,2.0,"41,543",0.0,,,,
62,Kazakhstan,"16,442,000",2010,,"2,724,900",0.0,,,,
63,Burkina Faso,"15,730,977",2010,4.0,"274,200",0.0,,,,
64,Mali,"15,370,000",2010,1.0,"1,240,192",0.0,,,,
65,Niger,"15,203,822",2010,1.0,"1,267,000",0.0,,,,
66,Ecuador,"14,483,499",2010,,"283,561",0.0,,,,
67,Guatemala,"14,361,666",2010,2.0,"108,889",0.0,,,,
68,Cambodia,"14,302,779",2010,5.0,"181,035",0.0,,,,
69,Malawi,"13,947,592",2010,1.0,"118,484",0.0,,,,
70,Zambia,"13,257,269",2010,1.0,"752,618",0.0,,,,
71,Zimbabwe,"12,644,041",2010,3.0,"390,757",0.0,,,,
72,Senegal,"12,509,434",2010,,"196,712",0.0,,,,
73,Chad,"11,714,904",2010,8.0,"1,284,000",0.0,,,,
74,Greece,"11,305,118",2010,,"131,957",0.0,,,,
75,Cuba,"11,241,161",2010,2.0,"109,884",0.0,,,,
76,Belgium,"10,839,905",2010,1.0,"30,528",0.0,,,,
77,Portugal,"10,637,713",2010,1.0,"92,212",0.0,,,,
78,Tunisia,"10,547,100",2010,,"163,610",0.0,,,,
79,Czechia,"10,506,813",2010,2.0,"78,866",0.0,,,,
80,Bolivia,"10,426,154",2010,4.0,"1,098,581",0.0,,,,
81,Rwanda,"10,412,820",2010,5.0,"26,338",0.0,,,,
82,Guinea,"10,323,755",2010,1.0,"245,836",0.0,,,,
83,Hungary,"10,014,324",2010,4.0,"93,030",0.0,,,,
84,Dominican Republic,"9,884,371",2010,3.0,"48,315",0.0,,,,
85,Haiti,"9,855,000",2010,3.0,"27,750",0.0,,,,
86,Belarus,"9,480,178",2010,4.0,"207,595",0.0,,,,
87,Somalia,"9,358,602",2010,4.0,"637,657",0.0,,,,
88,Sweden,"9,340,682",2010,3.0,"450,295",0.0,,,,
89,Benin,"9,211,741",2010,,"114,763",0.0,,,,
90,Azerbaijan,"8,997,586",2010,,"86,600",0.0,,,,
91,Burundi,"8,518,862",2010,3.0,"27,834",0.0,,,,
92,Austria,"8,375,290",2010,,"83,879",0.0,,,,
93,United Arab Emirates,"8,264,070",2010,24.0,"83,600",0.0,,,,
94,Honduras,"8,045,990",2010,2.0,"112,492",0.0,,,,
95,Switzerland,"7,785,806",2010,,"41,285",0.0,,,,
96,Israel,"7,623,600",2010,3.0,"22,072",0.0,,,,
97,Tajikistan,"7,616,400",2010,3.0,"143,100",0.0,,,,
98,Bulgaria,"7,563,710",2010,5.0,"110,993.6",0.0,,,,
99,Serbia,"7,291,436",2010,19.0,"77,474",0.0,,,,
100,Hong Kong,"7,024,200",2010,3.0,"2,755",0.0,,,,
101,Papua New Guinea,"6,744,955",2010,3.0,"462,840",0.0,,,,
102,Libya,"6,545,619",2010,3.0,"1,759,541",0.0,,,,
103,Paraguay,"6,459,727",2010,2.0,"406,752",0.0,,,,
104,Laos,"6,230,200",2010,1.0,"237,955",0.0,,,,
105,El Salvador,"6,194,126",2010,7.0,"21,041",0.0,,,,
106,Togo,"6,191,155",2010,4.0,"56,785",0.0,,,,
107,Jordan,"6,113,000",2010,1.0,"89,341",0.0,,,,
108,Sierra Leone,"5,835,664",2010,,"71,740",0.0,,,,
109,Nicaragua,"5,822,265",2010,,"130,375",0.0,,,,
110,Denmark,"5,534,738",2010,,"42,931",0.0,,,,
111,Turkmenistan,"5,479,800",2010,3.0,"491,210",0.0,,,,
112,Slovakia,"5,424,925",2010,1.0,"49,035",0.0,,,,
113,Kyrgyzstan,"5,418,300",2010,1.0,"199,951",0.0,,,,
114,Finland,"5,351,427",2010,1.0,"338,424",0.0,,,,
115,Eritrea,"5,223,994",2010,4.0,"117,600",0.0,,,,
116,Singapore,"5,076,700",2010,5.0,721.5,7036.0,,,,
117,Norway,"4,858,199",2010,2.0,"385,203",0.0,,,,
118,Costa Rica,"4,563,539",2010,2.0,"51,100",0.0,,,,
119,Central African Republic,"4,505,945",2010,4.0,"622,984",0.0,,,,
120,Ireland,"4,467,854",2010,3.0,"70,273",0.0,,,,
121,‹See RfD›Georgia,"4,436,391",2010,3.0,"69,700",0.0,,,,
122,Croatia,"4,425,747",2010,6.0,"56,594",0.0,,,,
123,New Zealand,"4,367,800",2010,1.0,"268,021",0.0,,,,
124,Liberia,"4,101,767",2010,8.0,"111,369",0.0,,,,
125,Palestine,"4,048,403",2010,3.0,"6,020",0.0,,,,
126,Bosnia and Herzegovina,"3,844,046",2010,1.0,"51,129",0.0,,,,
127,Lebanon,"3,785,655",2010,2.0,"10,452",0.0,,,,
128,Republic of the Congo,"3,758,678",2010,3.0,"342,000",0.0,,,,
129,Puerto Rico,"3,721,978",2010,3.0,"9,104",0.0,,,,
130,Kuwait,"3,566,437",2010,7.0,"17,818",0.0,,,,
131,Moldova,"3,563,695",2010,,"33,846",0.0,,,,
132,Panama,"3,504,483",2010,,"75,417",0.0,,,,
133,Uruguay,"3,356,584",2010,,"176,215",0.0,,,,
134,Lithuania,"3,329,039",2010,,"65,300",0.0,,,,
135,Armenia,"3,249,482",2010,,"29,743",0.0,,,,
136,Mauritania,"3,217,383",2010,,"1,030,000",0.0,,,,
137,Albania,"3,195,000",2010,,"28,748",0.0,,,,
138,Mongolia,"2,780,800",2010,,"1,566,000",0.0,,,,
139,Oman,"2,773,479",2010,,"309,500",0.0,,,,
140,Jamaica,"2,701,200",2010,,"10,991",0.0,,,,
141,Latvia,"2,248,374",2010,,"64,589",0.0,,,,
142,Namibia,"2,212,037",2010,,"825,615",0.0,,,,
143,Kosovo,"2,208,107",2010,,"10,908",0.0,,,,
144,Macedonia,"2,052,722",2010,,"25,713",0.0,,,,
145,Slovenia,"2,046,976",2010,,"20,273",0.0,,,,
146,Botswana,"2,029,307",2010,,"581,730",0.0,,,,
147,Lesotho,"1,891,830",2010,,"30,355",0.0,,,,
148,Gambia,"1,750,732",2010,,"10,689",0.0,,,,
149,Qatar,"1,699,435",2010,,"11,581",0.0,,,,
150,Guinea-Bissau,"1,647,380",2010,,"36,125",0.0,,,,
151,Gabon,"1,501,266",2010,,"267,667",0.0,,,,
152,Estonia,"1,340,127",2010,,"45,227",0.0,,,,
153,Trinidad and Tobago,"1,317,714",2010,,"5,131",0.0,,,,
154,Equatorial Guinea,"1,313,000",2010,,"28,050",0.0,,,,
155,Mauritius,"1,283,415",2010,,"2,040",0.0,,,,
156,Bahrain,"1,234,571",2010,,765.3,0.0,,,,
157,Timor-Leste,"1,149,028",2010,,,0.0,,,,
158,Cyprus,"1,102,677",2010,,,0.0,,,,
159,Swaziland,"1,055,506",2010,,,0.0,,,,
160,Djibouti,"879,053",2010,,,0.0,,,,
161,Fiji,"850,700",2010,,,0.0,,,,
162,Réunion,"828,054",2010,,,0.0,,,,
163,Guyana,"761,442",2010,,,0.0,,,,
164,Bhutan,"695,822",2010,,,0.0,,,,
165,Comoros,"675,000",2010,,,0.0,,,,
166,Montenegro,"616,411",2010,,,0.0,,,,
167,Macau,"552,300",2010,,,0.0,,,,
168,Suriname,"531,170",2010,,,0.0,,,,
169,Solomon Islands,"530,669",2010,,,0.0,,,,
170,Western Sahara,"530,000",2010,,,0.0,,,,
171,Cape Verde,"512,582",2010,,,0.0,,,,
172,Luxembourg,"502,066",2010,,,0.0,,,,
173,Brunei,"414,400",2010,,,0.0,,,,
174,Malta,"414,372",2010,,,0.0,,,,
175,Guadeloupe,"404,394",2010,,,0.0,,,,
176,Martinique,"399,637",2010,,,0.0,,,,
177,Bahamas,"353,658",2010,,,0.0,,,,
178,Maldives,"319,738",2010,,,0.0,,,,
179,Iceland,"317,630",2010,,,0.0,,,,
180,Belize,"312,971",2010,,,0.0,,,,
181,Barbados,"276,300",2010,,,0.0,,,,
182,French Polynesia,"267,000",2010,,,0.0,,,,
183,New Caledonia,"248,000",2010,,,0.0,,,,
184,Vanuatu,"245,036",2010,,,0.0,,,,
185,French Guiana,"232,223",2010,,,0.0,,,,
186,Mayotte,"202,000",2010,,,0.0,,,,
187,Samoa,"183,123",2010,,,0.0,,,,
188,Guam,"180,865",2010,,,0.0,,,,
189,Saint Lucia,"174,000",2010,,,0.0,,,,
190,São Tomé and Príncipe,"165,397",2010,,,0.0,,,,
191,Curacao,"142,180",2010,,,0.0,,,,
192,Grenada,"109,553",2010,,,0.0,,,,
193,Saint Vincent and the Grenadines,"109,284",2010,,,0.0,,,,
194,U.S. Virgin Islands,"106,267",2010,,,0.0,,,,
195,Tonga,"103,365",2010,,,0.0,,,,
196,Micronesia,"102,624",2010,,,0.0,,,,
197,Aruba,"101,484",2010,,,0.0,,,,
198,Kiribati,"100,835",2010,,,0.0,,,,
–,World,"7,379,797,139",2015,,,,,,,
1,China,"1,376,048,943",2015,,"9,596,961",143.4,,,,
2,India[2],"1,311,050,527",2015,,"3,287,263",398.8,,,,
3,United States,"321,418,820",2015,,"9,833,520",32.7,,,,
4,Indonesia,"257,563,815",2015,,"1,904,569",135.2,,,,
5,Brazil,"207,847,528",2015,,"8,515,767",24.4,,,,
6,Pakistan,"188,924,874",2015,,"881,913",214.2,,,,
7,Nigeria,"182,201,962",2015,,"923,768",197.2,,,,
8,Bangladesh,"160,995,642",2015,,"147,570",1091.0,,,,
9,Russia,"143,456,918",2015,,"17,075,200",8.4,,,,
10,Mexico,"127,017,224",2015,1.0,"1,972,550",64.4,,,,
11,Japan,"126,573,481",2015,1.0,"377,972",334.9,,,,
12,Philippines,"100,981,437",2015,,"343,448",294.0,,,,
13,Ethiopia,"99,390,750",2015,1.0,"1,104,300",90.0,,,,
14,Vietnam,"91,508,084",2015,1.0,"331,230.8",276.3,,,,
15,Egypt,"83,483,000",2015,1.0,"1,010,408",82.6,,,,
16,Iran,"79,109,272",2015,,"1,648,195",48.0,,,,
17,Germany,"78,728,000",2015,1.0,"357,168",220.4,,,,
18,Turkey,"77,266,814",2015,,"783,356",98.6,,,,
19,Democratic Republic of the Congo,"76,244,544",2015,,"2,345,409",32.5,,,,
20,Thailand,"67,959,359",2015,,"513,120",132.4,,,,
21,United Kingdom,"64,715,810",2015,1.0,"242,495",266.9,,,,
22,France,"64,395,345",2015,1.0,"640,679",100.5,,,,
23,Italy,"60,340,328",2015,1.0,"301,338",200.2,,,,
24,Myanmar,"59,780,000",2015,,"676,578",88.4,,,,
25,South Africa,"49,991,300",2015,1.0,"1,221,037",40.9,,,,
26,South Korea,"49,410,366",2015,1.0,"100,210",493.1,,,,
27,Spain,"45,989,016",2015,2.0,"505,990",90.9,,,,
28,Ukraine,"45,782,592",2015,1.0,"603,628",75.8,,,,
29,Colombia,"45,508,205",2015,1.0,"1,141,748",39.9,,,,
30,Tanzania,"43,187,823",2015,2.0,"947,303",45.6,,,,
31,Sudan,"42,338,426",2015,2.0,"1,886,068",22.4,,,,
32,Kenya,"40,862,900",2015,2.0,"580,367",70.4,,,,
33,Argentina,"40,518,951",2015,3.0,"2,780,400",14.6,,,,
34,Poland,"38,167,329",2015,3.0,"312,679",122.1,,,,
35,Algeria,"35,978,000",2015,,"2,381,741",15.1,,,,
36,Canada,"34,108,752",2015,,"9,984,670",3.4,,,,
37,Iraq,"32,481,000",2015,3.0,"437,072",74.3,,,,
38,Morocco,"31,894,000",2015,1.0,"710,850",44.9,,,,
39,Uganda,"31,784,600",2015,,"241,038",131.9,,,,
40,Peru,"29,461,933",2015,1.0,"1,285,216",22.9,,,,
41,Venezuela,"28,833,845",2015,2.0,"716,445",40.2,,,,
42,Malaysia,"28,334,135",2015,3.0,"330,803",85.7,,,,
43,Nepal,"28,043,744",2015,1.0,"147,181",190.5,,,,
44,Uzbekistan,"28,001,400",2015,,"448,978",62.4,,,,
45,Saudi Arabia,"27,136,977",2015,1.0,"2,149,690",12.6,,,,
46,Afghanistan,"24,485,600",2015,8.0,"652,864",37.5,,,,
47,North Korea,"24,325,701",2015,,"120,540",201.8,,,,
48,Ghana,"24,223,431",2015,1.0,"239,567",101.1,,,,
49,Taiwan,"23,162,120",2015,1.0,"36,197",639.9,,,,
50,Yemen,"23,153,982",2015,1.0,"527,968",43.9,,,,
51,Mozambique,"22,416,881",2015,4.0,"801,590",28.0,,,,
52,Australia[3],"22,299,800",2015,1.0,"7,692,024",2.9,,,,
53,Cote d'Ivoire,"21,570,746",2015,4.0,"322,463",66.9,,,,
54,Romania,"21,462,186",2015,4.0,"238,397",90.0,,,,
55,Sri Lanka,"20,653,000",2015,3.0,"65,610",314.8,,,,
56,Syria,"20,619,000",2015,2.0,"185,180",111.3,,,,
57,Madagascar,"20,146,442",2015,1.0,"587,041",34.3,,,,
58,Cameroon,"19,958,352",2015,,"475,442",42.0,,,,
59,Angola,"18,992,708",2015,2.0,"1,246,700",15.2,,,,
60,Chile,"17,094,270",2015,,"756,096",22.6,,,,
61,Netherlands,"16,574,989",2015,2.0,"41,543",399.0,,,,
62,Kazakhstan,"16,442,000",2015,,"2,724,900",6.0,,,,
63,Burkina Faso,"15,730,977",2015,4.0,"274,200",57.4,,,,
64,Mali,"15,370,000",2015,1.0,"1,240,192",12.4,,,,
65,Niger,"15,203,822",2015,1.0,"1,267,000",12.0,,,,
66,Ecuador,"14,483,499",2015,,"283,561",51.1,,,,
67,Guatemala,"14,361,666",2015,2.0,"108,889",131.9,,,,
68,Cambodia,"14,302,779",2015,5.0,"181,035",79.0,,,,
69,Malawi,"13,947,592",2015,1.0,"118,484",117.7,,,,
70,Zambia,"13,257,269",2015,1.0,"752,618",17.6,,,,
71,Zimbabwe,"12,644,041",2015,3.0,"390,757",32.4,,,,
72,Senegal,"12,509,434",2015,,"196,712",63.6,,,,
73,Chad,"11,714,904",2015,8.0,"1,284,000",9.1,,,,
74,Greece,"11,305,118",2015,,"131,957",85.7,,,,
75,Cuba,"11,241,161",2015,2.0,"109,884",102.3,,,,
76,Belgium,"10,839,905",2015,1.0,"30,528",355.1,,,,
77,Portugal,"10,637,713",2015,1.0,"92,212",115.4,,,,
78,Tunisia,"10,547,100",2015,,"163,610",64.5,,,,
79,Czech Republic,"10,506,813",2015,2.0,"78,866",133.2,,,,
80,Bolivia,"10,426,154",2015,4.0,"1,098,581",9.5,,,,
81,Rwanda,"10,412,820",2015,5.0,"26,338",395.4,,,,
82,Guinea,"10,323,755",2015,1.0,"245,836",42.0,,,,
83,Hungary,"10,014,324",2015,4.0,"93,030",107.6,,,,
84,Dominican Republic,"9,884,371",2015,3.0,"48,315",204.6,,,,
85,Haiti,"9,855,000",2015,3.0,"27,750",355.1,,,,
86,Belarus,"9,480,178",2015,4.0,"207,595",45.7,,,,
87,Somalia,"9,358,602",2015,4.0,"637,657",14.7,,,,
88,Sweden,"9,340,682",2015,3.0,"450,295",20.7,,,,
89,Benin,"9,211,741",2015,,"114,763",80.3,,,,
90,Azerbaijan,"8,997,586",2015,,"86,600",103.9,,,,
91,Burundi,"8,518,862",2015,3.0,"27,834",306.1,,,,
92,Austria,"8,375,290",2015,,"83,879",99.8,,,,
93,United Arab Emirates,"8,264,070",2015,24.0,"83,600",98.9,,,,
94,Honduras,"8,045,990",2015,2.0,"112,492",71.5,,,,
95,Switzerland,"7,785,806",2015,,"41,285",188.6,,,,
96,Israel,"7,623,600",2015,3.0,"22,072",345.4,,,,
97,Tajikistan,"7,616,400",2015,3.0,"143,100",53.2,,,,
98,Bulgaria,"7,563,710",2015,5.0,"110,993.6",68.1,,,,
99,Serbia,"7,291,436",2015,19.0,"77,474",94.1,,,,
100,Hong Kong,"7,024,200",2015,3.0,"2,755",2549.6,,,,
101,Papua New Guinea,"6,744,955",2015,3.0,"462,840",0.0,,,,
102,Libya,"6,545,619",2015,3.0,"1,759,541",0.0,,,,
103,Paraguay,"6,459,727",2015,2.0,"406,752",0.0,,,,
104,Laos,"6,230,200",2015,1.0,"237,955",0.0,,,,
105,El Salvador,"6,194,126",2015,7.0,"21,041",0.0,,,,
106,Togo,"6,191,155",2015,4.0,"56,785",0.0,,,,
107,Jordan,"6,113,000",2015,1.0,"89,341",0.0,,,,
108,Sierra Leone,"5,835,664",2015,,"71,740",0.0,,,,
109,Nicaragua,"5,822,265",2015,,"130,375",0.0,,,,
110,Denmark,"5,534,738",2015,,"42,931",0.0,,,,
111,Turkmenistan,"5,479,800",2015,3.0,"491,210",0.0,,,,
112,Slovakia,"5,424,925",2015,1.0,"49,035",0.0,,,,
113,Kyrgyzstan,"5,418,300",2015,1.0,"199,951",0.0,,,,
114,Finland[4],"5,351,427",2015,1.0,"338,424",0.0,,,,
115,Eritrea,"5,223,994",2015,4.0,"117,600",0.0,,,,
116,Singapore,"5,076,700",2015,5.0,721.5,0.0,,,,
117,Norway[5],"4,858,199",2015,2.0,"385,203",0.0,,,,
118,Costa Rica,"4,563,539",2015,2.0,"51,100",0.0,,,,
119,Central African Republic,"4,505,945",2015,4.0,"622,984",0.0,,,,
120,Ireland,"4,467,854",2015,3.0,"70,273",0.0,,,,
121,‹See RfD›Georgia,"4,436,391",2015,3.0,"69,700",0.0,,,,
122,Croatia,"4,425,747",2015,6.0,"56,594",0.0,,,,
123,New Zealand,"4,367,800",2015,1.0,"268,021",0.0,,,,
124,Liberia,"4,101,767",2015,8.0,"111,369",0.0,,,,
125,Palestine,"4,048,403",2015,3.0,"6,020",0.0,,,,
126,Bosnia and Herzegovina,"3,844,046",2015,1.0,"51,129",0.0,,,,
127,Lebanon,"3,785,655",2015,2.0,"10,452",0.0,,,,
128,Republic of the Congo,"3,758,678",2015,3.0,"342,000",0.0,,,,
129,Puerto Rico,"3,721,978",2015,3.0,"9,104",0.0,,,,
130,Kuwait,"3,566,437",2015,7.0,"17,818",0.0,,,,
131,Moldova,"3,563,695",2015,,"33,846",0.0,,,,
132,Panama,"3,504,483",2015,,"75,417",0.0,,,,
133,Uruguay,"3,356,584",2015,,"176,215",0.0,,,,
134,Lithuania,"3,329,039",2015,,"65,300",0.0,,,,
135,Armenia,"3,249,482",2015,,"29,743",0.0,,,,
136,Mauritania,"3,217,383",2015,,"1,030,000",0.0,,,,
137,Albania,"3,195,000",2015,,"28,748",0.0,,,,
138,Mongolia,"2,780,800",2015,,"1,566,000",0.0,,,,
139,Oman,"2,773,479",2015,,"309,500",0.0,,,,
140,Jamaica,"2,701,200",2015,,"10,991",0.0,,,,
141,Latvia,"2,248,374",2015,,"64,589",0.0,,,,
142,Namibia,"2,212,037",2015,,"825,615",0.0,,,,
143,Kosovo,"2,208,107",2015,,"10,908",0.0,,,,
144,Macedonia,"2,052,722",2015,,"25,713",0.0,,,,
145,Slovenia,"2,046,976",2015,,"20,273",0.0,,,,
146,Botswana,"2,029,307",2015,,"581,730",0.0,,,,
147,Lesotho,"1,891,830",2015,,"30,355",0.0,,,,
148,Gambia,"1,750,732",2015,,"10,689",0.0,,,,
149,Qatar,"1,699,435",2015,,"11,581",0.0,,,,
150,Guinea-Bissau,"1,647,380",2015,,"36,125",0.0,,,,
151,Gabon,"1,501,266",2015,,"267,667",0.0,,,,
152,Estonia,"1,340,127",2015,,"45,227",0.0,,,,
153,Trinidad and Tobago,"1,317,714",2015,,"5,131",0.0,,,,
154,Equatorial Guinea,"1,313,000",2015,,"28,050",0.0,,,,
155,Mauritius[6],"1,283,415",2015,,"2,040",0.0,,,,
156,Bahrain,"1,234,571",2015,,765.3,0.0,,,,
157,Timor-Leste,"1,149,028",2015,,,0.0,,,,
158,Cyprus[7],"1,102,677",2015,,,0.0,,,,
159,Swaziland,"1,055,506",2015,,,0.0,,,,
160,Djibouti,"879,053",2015,,,0.0,,,,
161,Fiji,"850,700",2015,,,0.0,,,,
162,Réunion,"828,054",2015,,,0.0,,,,
163,Guyana,"761,442",2015,,,0.0,,,,
164,Bhutan,"695,822",2015,,,0.0,,,,
165,Comoros,"675,000",2015,,,0.0,,,,
166,Montenegro,"616,411",2015,,,0.0,,,,
167,Macau,"552,300",2015,,,0.0,,,,
168,Suriname,"531,170",2015,,,0.0,,,,
169,Solomon Islands,"530,669",2015,,,0.0,,,,
170,Western Sahara,"530,000",2015,,,0.0,,,,
171,Cape Verde,"512,582",2015,,,0.0,,,,
172,Luxembourg,"502,066",2015,,,0.0,,,,
173,Brunei,"414,400",2015,,,0.0,,,,
174,Malta,"414,372",2015,,,0.0,,,,
175,Guadeloupe,"404,394",2015,,,0.0,,,,
176,Martinique,"399,637",2015,,,0.0,,,,
177,Bahamas,"353,658",2015,,,0.0,,,,
178,Maldives,"319,738",2015,,,0.0,,,,
179,Iceland,"317,630",2015,,,0.0,,,,
180,Belize,"312,971",2015,,,0.0,,,,
181,Barbados,"276,300",2015,,,0.0,,,,
182,French Polynesia,"267,000",2015,,,0.0,,,,
183,New Caledonia,"248,000",2015,,,0.0,,,,
184,Vanuatu,"245,036",2015,,,0.0,,,,
185,French Guiana,"232,223",2015,,,0.0,,,,
186,Mayotte,"202,000",2015,,,0.0,,,,
187,Samoa,"183,123",2015,,,0.0,,,,
188,Guam,"180,865",2015,,,0.0,,,,
189,Saint Lucia,"174,000",2015,,,0.0,,,,
190,São Tomé and Príncipe,"165,397",2015,,,0.0,,,,
191,Curacao,"142,180",2015,,,0.0,,,,
192,Grenada,"109,553",2015,,,0.0,,,,
193,Saint Vincent and the Grenadines,"109,284",2015,,,0.0,,,,
194,U.S. Virgin Islands,"106,267",2015,,,0.0,,,,
195,Tonga,"103,365",2015,,,0.0,,,,
196,Micronesia,"102,624",2015,,,0.0,,,,
197,Aruba,"101,484",2015,,,0.0,,,,
198,Kiribati,"100,835",2015,,,0.0,,,,
,World,"8,232,000,000",202025,,,,100%,13 Jun 2025,UN projection[1][3],
,India,"1,417,492,000",202025,,,,17.3%,1 Jul 2025,Official projection[4],[b]
,China,"1,408,280,000",202025,,,,17.2%,31 Dec 2024,Official estimate[5],[c]
,United States,"340,110,988",202025,,,,4.1%,1 Jul 2024,Official estimate[6],[d]
,Indonesia,"284,438,782",202025,,,,3.5%,30 Jun 2025,National annual projection[7],
,Pakistan,"241,499,431",202025,,,,2.9%,1 Mar 2023,2023 census result[8],[e]
,Nigeria,"223,800,000",202025,,,,2.7%,1 Jul 2023,Official projection[9],
,Brazil,"213,421,037",202025,,,,2.6%,1 Jul 2025,Official estimate[10],
,Bangladesh,"169,828,911",202025,,,,2.1%,14 Jun 2022,2022 census result[11],[f]
,Russia,"146,028,325",202025,,,,1.8%,1 Jan 2025,Official estimate[13],[g]
,Mexico,"130,575,786",202025,,,,1.6%,30 Jun 2025,National quarterly estimate[14],
,Japan,"123,300,000",202025,,,,1.5%,1 Aug 2025,Monthly national estimate[15],
,Philippines,"114,123,600",202025,,,,1.4%,1 Jul 2025,Official projection[16],
,Democratic Republic of the Congo,"112,832,000",202025,,,,1.4%,1 Jul 2025,UN projection[17],
,Ethiopia,"111,652,998",202025,,,,1.4%,1 Jul 2025,National annual projection[18],
,Egypt,"107,271,260",202025,,,,1.3%,1 Jan 2025,Official estimate[19],
,Vietnam,"101,343,800",202025,,,,1.2%,31 Dec 2024,Official estimate[20],
,Iran,"85,961,000",202025,,,,1.0%,20 Mar 2024,Official estimate[21],
,Turkey,"85,664,944",202025,,,,1.0%,31 Dec 2024,Official estimate[22],
,Germany,"83,491,249",202025,,,,1.0%,30 Jun 2025,National quarterly estimate[23],
,United Kingdom,"69,281,437",202025,,,,0.8%,30 Jun 2024,Official estimate[24],[h]
,France,"68,706,000",202025,,,,0.8%,1 Sep 2025,Monthly national estimate[25],[i]
,Tanzania,"68,153,004",202025,,,,0.8%,1 Jul 2025,Official projection[26],[j]
,Thailand,"65,859,640",202025,,,,0.8%,31 Jul 2025,Monthly national estimate[27],
,South Africa,"63,100,945",202025,,,,0.8%,30 Jun 2025,Official estimate[28],
,Italy,"58,927,633",202025,,,,0.7%,31 Jul 2025,Monthly national estimate[29],
,Kenya,"53,330,978",202025,,,,0.6%,1 Jul 2025,Official projection[30],
,Colombia,"53,057,212",202025,,,,0.6%,1 Jan 2025,Official projection[31],
,Sudan,"51,662,000",202025,,,,0.6%,1 Jul 2025,UN projection[32],
,Myanmar,"51,316,756",202025,,,,0.6%,15 Oct 2024,Provisional 2024 census result[33],[k]
,South Korea,"51,159,889",202025,,,,0.6%,31 Jul 2025,Monthly national estimate[35],
,Spain,"49,315,949",202025,,,,0.6%,1 Jul 2025,National quarterly estimate[36],
,Algeria,"47,400,000",202025,,,,0.6%,1 Jan 2025,National annual projection[37],
,Argentina,"46,735,004",202025,,,,0.6%,26 May 2025,National annual projection[38],
,Iraq,"46,118,793",202025,,,,0.6%,24 Feb 2025,2024 census result[39],
,Uganda,"45,905,417",202025,,,,0.6%,10 May 2024,2024 census result[40],
,Afghanistan,"43,844,000",202025,,,,0.5%,1 Jul 2025,UN projection[41][42](see note),[l]
,Canada,"41,651,653",202025,,,,0.5%,1 Jul 2025,National quarterly estimate[49],
,Uzbekistan,"37,859,698",202025,,,,0.5%,1 Jul 2025,Official estimate[50],
,Poland,"37,392,000",202025,,,,0.5%,31 Jul 2025,Monthly national estimate[51],
,Morocco,"36,828,330",202025,,,,0.4%,1 Sep 2024,2024 census result[52],[m]
,Angola,"36,170,961",202025,,,,0.4%,1 Jul 2025,National annual projection[53],
,Saudi Arabia,"35,300,280",202025,,,,0.4%,1 Jul 2024,Official estimate[54],
,Peru,"34,350,244",202025,,,,0.4%,1 Jul 2025,National annual projection[55],
,Malaysia,"34,231,700",202025,,,,0.4%,30 Jun 2025,National quarterly estimate[56],
,Mozambique,"34,090,466",202025,,,,0.4%,1 Jul 2025,National annual projection[57],
,Ghana,"33,742,380",202025,,,,0.4%,1 Jul 2025,National annual projection[58],
,Ukraine,"32,862,000",202025,,,,0.4%,1 Apr 2025,IMF estimate[59],[n]
,Yemen,"32,684,503",202025,,,,0.4%,1 Jul 2023,Official estimate[60],
,Madagascar,"31,727,042",202025,,,,0.4%,1 Jul 2025,National annual projection[61],
,Ivory Coast,"31,719,275",202025,,,,0.4%,31 Dec 2024,National annual projection[62],
,Nepal,"29,911,840",202025,,,,0.4%,2025,National annual projection[63],
,Cameroon,"29,442,327",202025,,,,0.4%,1 Jul 2025,National annual projection[64],
,Venezuela,"28,517,000",202025,,,,0.3%,1 Jul 2025,UN projection[65],
,Australia,"27,536,874",202025,,,,0.3%,31 Mar 2025,Official projection[66],[o]
,Niger,"26,312,034",202025,,,,0.3%,1 Jul 2024,National annual projection[67],
,North Korea,"25,950,000",202025,,,,0.3%,1 Jul 2024,National annual projection[68],
,Syria,"25,620,000",202025,,,,0.3%,1 Jul 2025,UN projection[69],
,Burkina Faso,"24,070,553",202025,,,,0.3%,1 Jul 2025,National projection[70],
,Taiwan,"23,337,936",202025,,,,0.3%,31 Jul 2025,Official estimate[71],[p]
,Mali,"22,395,489",202025,,,,0.3%,15 Jun 2022,2022 census result[72],
,Sri Lanka,"21,763,170",202025,,,,0.3%,19 Dec 2024,Preliminary census result[73],
,Malawi,"20,734,262",202025,,,,0.3%,1 Jul 2025,National annual projection[74],
,Kazakhstan,"20,426,568",202025,,,,0.2%,1 Sep 2025,Official estimate[75],
,Chile,"20,206,953",202025,,,,0.2%,30 Jun 2025,National annual projection[76],
,Zambia,"19,693,423",202025,,,,0.2%,8 Sep 2022,2022 census result[77],
,Somalia,"19,655,000",202025,,,,0.2%,1 Jul 2025,UN projection[78],[q]
,Chad,"19,340,757",202025,,,,0.2%,1 Jul 2025,National annual projection[79],
,Romania,"19,036,031",202025,,,,0.2%,1 Jan 2025,Official estimate[80],
,Senegal,"18,593,258",202025,,,,0.2%,1 Jul 2024,National annual projection[81],
,Ecuador,"18,103,660",202025,,,,0.2%,1 Jul 2025,National annual projection[82],
,Netherlands,"18,100,436",202025,,,,0.2%,31 Aug 2025,Official estimate[83],[r]
,Guatemala,"18,079,810",202025,,,,0.2%,1 Jul 2025,National annual projection[84],
,Cambodia,"17,577,760",202025,,,,0.2%,1 Jul 2025,Official projection[85],
,Zimbabwe,"17,073,087",202025,,,,0.2%,1 Jul 2025,Official projection[86],
,South Sudan,"15,786,898",202025,,,,0.2%,1 Jul 2025,National annual projection[87],
,Guinea,"14,363,931",202025,,,,0.2%,1 Jul 2025,National annual projection[88],
,Rwanda,"14,104,969",202025,,,,0.2%,1 Jul 2025,National annual projection[89],
,Benin,"13,224,860",202025,,,,0.2%,1 Jul 2025,National annual projection[90],
,Burundi,"12,332,788",202025,,,,0.2%,16 Aug 2024,Preliminary census result[91],
,Tunisia,"11,972,169",202025,,,,0.1%,6 Nov 2024,2024 census result[92],
,Haiti,"11,867,032",202025,,,,0.1%,1 Jul 2024,National annual projection[93],
,Belgium,"11,825,551",202025,,,,0.1%,1 Jan 2025,Official estimate[94],
,Papua New Guinea,"11,781,559",202025,,,,0.1%,1 Jul 2021,National estimate[95],
,Jordan,"11,734,000",202025,,,,0.1%,31 Dec 2024,National estimate[96],
,Bolivia,"11,365,333",202025,,,,0.1%,23 Mar 2024,2024 census result[97],
,United Arab Emirates,"11,294,243",202025,,,,0.1%,31 Dec 2024,Official estimate[98],
,Czech Republic,"10,882,341",202025,,,,0.1%,30 Jun 2025,Official estimate[99],
,Dominican Republic,"10,771,504",202025,,,,0.1%,10 Nov 2022,2022 census result[100],
,Portugal,"10,749,635",202025,,,,0.1%,31 Dec 2024,Official estimate[101],
,Sweden,"10,596,652",202025,,,,0.1%,31 Jul 2025,Monthly national estimate[102],
,Tajikistan,"10,499,000",202025,,,,0.1%,1 Jan 2025,Official estimate[103],
,Greece,"10,400,720",202025,,,,0.1%,1 Jan 2024,Official estimate[104],
,Azerbaijan,"10,241,722",202025,,,,0.1%,1 Jul 2025,Monthly national estimate[105],
,Israel,"10,134,800",202025,,,,0.1%,31 Aug 2025,National monthly estimate[106],[s]
,Honduras,"9,892,632",202025,,,,0.1%,1 Jul 2024,National annual projection[107],
,Cuba,"9,748,007",202025,,,,0.1%,31 Dec 2024,Official estimate[108],
,Hungary,"9,539,502",202025,,,,0.1%,1 Jan 2025,Official estimate[109],
,Austria,"9,200,931",202025,,,,0.1%,1 Jul 2025,National quarterly estimate[110],
,Belarus,"9,109,280",202025,,,,0.1%,1 Jan 2025,Official estimate[111],
,Switzerland,"9,082,848",202025,,,,0.1%,30 Jun 2025,National quarterly estimate[112],
,Sierra Leone,"9,077,691",202025,,,,0.1%,1 Jul 2025,National annual projection[113],
,Togo,"8,095,498",202025,,,,0.10%,8 Nov 2022,2022 census result[114],
,Laos,"7,647,000",202025,,,,0.09%,1 Jul 2024,National annual projection[115],
,Hong Kong(China),"7,527,500",202025,,,,0.09%,30 Jun 2025,National estimate[116],
,Libya,"7,459,000",202025,,,,0.09%,1 Jul 2025,UN projection[117],
,Kyrgyzstan,"7,281,800",202025,,,,0.09%,1 Jan 2025,Monthly national estimate[118],
,Turkmenistan,"7,057,841",202025,,,,0.09%,17 Dec 2022,2022 census result[119],
,Nicaragua,"6,803,886",202025,,,,0.08%,30 Jun 2023,Official estimate[120],
,Serbia,"6,567,783",202025,,,,0.08%,1 Jan 2025,Official estimate[121],[t]
,Central African Republic,"6,470,307",202025,,,,0.08%,1 Jul 2024,National annual projection[122],
,Bulgaria,"6,437,360",202025,,,,0.08%,31 Dec 2024,Official annual estimate[123],
,Republic of the Congo,"6,142,180",202025,,,,0.07%,17 May 2023,2023 census result[124],
,Singapore,"6,110,200",202025,,,,0.07%,30 Jun 2025,National annual projection[125],
,Paraguay,"6,109,644",202025,,,,0.07%,9 Nov 2022,2022 census result[126],
,El Salvador,"6,029,976",202025,,,,0.07%,2 May 2024,2024 census result[127],
,Denmark,"6,004,342",202025,,,,0.07%,1 Aug 2025,National quarterly estimate[128],[u]
,Finland,"5,650,325",202025,,,,0.07%,31 Aug 2025,Monthly national estimate[129],[v]
,Norway,"5,606,944",202025,,,,0.07%,30 Jun 2025,National quarterly estimate[130],[w]
,Lebanon,"5,490,000",202025,,,,0.07%,1 Jul 2021,Official estimate[131],
,Palestine,"5,483,450",202025,,,,0.07%,1 Jan 2023,National annual projection[132],[x]
,Ireland,"5,458,600",202025,,,,0.07%,1 Apr 2025,National estimate[133],
,Slovakia,"5,413,813",202025,,,,0.07%,30 Jun 2025,National quarterly estimate[134],
,New Zealand,"5,324,700",202025,,,,0.06%,30 Jun 2025,National quarterly estimate[135],[y]
,Costa Rica,"5,309,625",202025,,,,0.06%,30 Jun 2024,National annual projection[136],
,Oman,"5,306,976",202025,,,,0.06%,30 Jun 2025,Monthly national estimate[137],
,Liberia,"5,248,621",202025,,,,0.06%,10 Nov 2022,2022 census result[138],
,Mauritania,"4,927,532",202025,,,,0.06%,25 Dec 2023,2023 census result[139],
,Kuwait,"4,881,254",202025,,,,0.06%,1 Jan 2025,Official estimate[140],
,Panama,"4,064,780",202025,,,,0.05%,8 Jan 2023,2023 census result[141],
,Croatia,"3,866,233",202025,,,,0.05%,1 Jul 2024,Official estimate[142],
,‹See RfD›Georgia,"3,704,500",202025,,,,0.05%,1 Jan 2025,Official estimate[143],[z]
,Eritrea,"3,607,000",202025,,,,0.04%,1 Jul 2025,UN projection[144](see note),[aa]
,Mongolia,"3,544,835",202025,,,,0.04%,31 Dec 2024,National annual projection[151],
,Uruguay,"3,499,451",202025,,,,0.04%,31 May 2023,2023 National census[152],
,Bosnia and Herzegovina,"3,422,000",202025,,,,0.04%,1 Jul 2023,Official estimate[153],
,Puerto Rico(US),"3,203,295",202025,,,,0.04%,1 Jul 2024,Annual projection[154],
,Qatar,"3,173,024",202025,,,,0.04%,30 Nov 2024,Monthly national estimate[155],
,Armenia,"3,081,100",202025,,,,0.04%,1 Jan 2025,National quarterly estimate[156],
,Namibia,"3,022,401",202025,,,,0.04%,24 Sep 2023,2023 National census[157],
,Lithuania,"2,894,548",202025,,,,0.04%,1 Sep 2025,Monthly national estimate[158],
,Jamaica,"2,825,544",202025,,,,0.03%,1 Jul 2019,National projection[159],
,Gabon,"2,469,296",202025,,,,0.03%,1 Jul 2025,National annual projection[160],
,Gambia,"2,422,712",202025,,,,0.03%,1 May 2024,Preliminary census results[161],
,Moldova,"2,381,300",202025,,,,0.03%,1 Jan 2025,Official estimate[162],[ab]
,Albania,"2,363,314",202025,,,,0.03%,1 Jan 2025,Official estimate[163],
,Botswana,"2,359,609",202025,,,,0.03%,18 Mar 2022,2022 census result[164],
,Slovenia,"2,130,638",202025,,,,0.03%,1 Apr 2025,National quarterly estimate[165],
,Lesotho,"2,116,427",202025,,,,0.03%,2024,Official survey[166],
,Latvia,"1,829,400",202025,,,,0.02%,1 Aug 2025,Monthly national estimate[167],
,North Macedonia,"1,826,247",202025,,,,0.02%,31 Dec 2023,Official estimate[168],
,Guinea-Bissau,"1,781,308",202025,,,,0.02%,1 Jul 2023,National annual projection[169],
,Equatorial Guinea,"1,668,768",202025,,,,0.02%,1 Jul 2024,Official estimate[170],
,Bahrain,"1,594,654",202025,,,,0.02%,31 Dec 2024,Official estimate[171],
,Kosovo,"1,585,566",202025,,,,0.02%,4 Apr 2024,2024 national census[172],
,Timor-Leste,"1,391,221",202025,,,,0.02%,1 Jul 2025,National annual projection[173],
,Estonia,"1,369,995",202025,,,,0.02%,1 Jan 2025,Official estimate[174],
,Trinidad and Tobago,"1,367,764",202025,,,,0.02%,30 Jun 2025,Official estimate[175],
,Mauritius,"1,243,741",202025,,,,0.02%,1 Jul 2025,National estimate[176],
,Eswatini,"1,235,549",202025,,,,0.02%,1 Jul 2024,Official projection[177],
,Djibouti,"1,066,809",202025,,,,0.01%,20 May 2024,2024 census result[178],
,Cyprus,"966,400",202025,,,,0.01%,31 Dec 2023,Official estimate[179],[ac]
,Fiji,"900,869",202025,,,,0.01%,1 Jan 2025,National annual projection[180],
,Comoros,"870,038",202025,,,,0.01%,2023,Official estimate[181],
,Bhutan,"784,043",202025,,,,0.010%,2025,National annual projection[182],
,Guyana,"772,975",202025,,,,0.009%,1 Jul 2021,Official estimate[183],
,Solomon Islands,"750,325",202025,,,,0.009%,1 Jul 2024,National annual projection[184],
,Macau(China),"685,900",202025,,,,0.008%,30 Jun 2025,National quarterly estimate[185],
,Luxembourg,"681,973",202025,,,,0.008%,1 Jan 2025,Official estimate[186],
,Montenegro,"623,327",202025,,,,0.008%,1 Jan 2025,Official estimate[187],
,Suriname,"616,500",202025,,,,0.008%,1 Jul 2021,Official estimate[188],
,Western Sahara(disputed),"600,904",202025,,,,0.007%,1 Jul 2025,UN projection[189],
,Malta,"574,250",202025,,,,0.007%,31 Dec 2024,Official estimate[190],
,Maldives,"515,132",202025,,,,0.006%,13 Sep 2022,2022 census result[191],
,Cape Verde,"491,233",202025,,,,0.006%,16 Jun 2021,2021 census result[192],
,Northern Cyprus,"476,214",202025,,,,0.006%,31 Dec 2023,Official projection[193],[ad]
,Brunei,"455,500",202025,,,,0.006%,1 Jul 2024,Official estimate[194],
,Belize,"417,634",202025,,,,0.005%,1 Jul 2025,Official estimate[195],
,Bahamas,"398,165",202025,,,,0.005%,4 Apr 2022,2022 census result[196],
,Iceland,"391,810",202025,,,,0.005%,1 Jul 2025,National quarterly estimate[197],
,Transnistria,"360,938",202025,,,,0.004%,31 Dec 2022,Official estimate[198],[ae]
,Vanuatu,"321,409",202025,,,,0.004%,1 Jul 2024,National annual projection[199],
,French Polynesia(France),"279,500",202025,,,,0.003%,31 Dec 2024,National annual projection[200],
,Barbados,"267,800",202025,,,,0.003%,31 Dec 2022,[201],
,New Caledonia(France),"264,596",202025,,,,0.003%,1 Jan 2025,National annual projection[202],
,Abkhazia,"244,236",202025,,,,0.003%,1 Jan 2022,Official estimate[203],[af]
,São Tomé and Príncipe,"209,607",202025,,,,0.003%,2024,Preliminary census result[204],
,Samoa,"205,557",202025,,,,0.003%,6 Nov 2021,Census 2021[205],
,Saint Lucia,"184,100",202025,,,,0.002%,1 Jul 2023,Official estimate[206],
,Curaçao(Netherlands),"156,115",202025,,,,0.002%,1 Jan 2025,Official estimate[207],
,Guam(US),"153,836",202025,,,,0.002%,1 Apr 2020,2020 census result[208],
,Seychelles,"122,729",202025,,,,0.001%,30 Jun 2025,Official estimate[209],
,Kiribati,"120,740",202025,,,,0.001%,1 Jul 2021,National annual projection[199],
,Saint Vincent and the Grenadines,"110,872",202025,,,,0.001%,1 Jul 2022,Official estimate[210],
,Grenada,"109,021",202025,,,,0.001%,2021,Preliminary Census results[211],
,Aruba(Netherlands),"107,566",202025,,,,0.001%,31 Dec 2023,Official estimate[212],
,Micronesia,"105,564",202025,,,,0.001%,2025,National annual projection[213],
,Antigua and Barbuda,"103,603",202025,,,,0.001%,1 Jan 2024,National annual estimate[214],
,Jersey(UK),"103,267",202025,,,,0.001%,21 Mar 2021,2021 census result[215],
,Tonga,"100,179",202025,,,,0.001%,30 Nov 2021,2021 census result[216],
,Andorra,"88,406",202025,,,,0.001%,31 Aug 2025,Monthly national estimate[217],
,U.S. Virgin Islands(US),"87,146",202025,,,,0.001%,1 Apr 2020,2020 census result[218],
,Cayman Islands(UK),"84,738",202025,,,,0.001%,31 Dec 2023,National annual projection[219],
,Isle of Man(UK),"84,530",202025,,,,0.001%,1 Apr 2023,Official estimate[220],
,Dominica,"67,408",202025,,,,0.0008%,31 Dec 2017,Official estimate[221],
,Guernsey(UK),"64,781",202025,,,,0.0008%,31 Dec 2023,National quarterly estimate[222],
,Bermuda(UK),"64,055",202025,,,,0.0008%,1 Jul 2021,National annual projection[223],
,Greenland(Denmark),"56,542",202025,,,,0.0007%,1 Jan 2025,National quarterly estimate[224],
,South Ossetia,"56,520",202025,,,,0.0007%,31 Dec 2021,Official estimate[225],[ag]
,Faroe Islands(Denmark),"54,885",202025,,,,0.0007%,1 Sep 2025,Monthly national estimate[226],
,Saint Kitts and Nevis,"51,320",202025,,,,0.0006%,2022,2022 census result[227],
,Turks and Caicos Islands(UK),"50,828",202025,,,,0.0006%,1 Jul 2024,Official estimate[228],
,American Samoa(US),"49,710",202025,,,,0.0006%,1 Apr 2020,2020 census result[229],
,Northern Mariana Islands(US),"47,329",202025,,,,0.0006%,1 Apr 2020,2020 census result[230],
,Marshall Islands,"42,418",202025,,,,0.0005%,30 Sep 2021,2021 Census[231],
,Sint Maarten(Netherlands),"41,349",202025,,,,0.0005%,1 Jan 2024,Official estimate[232],
,Liechtenstein,"40,900",202025,,,,0.0005%,30 Dec 2024,National estimate[233],
,British Virgin Islands(UK),"39,471",202025,,,,0.0005%,1 Jul 2024,UN estimate[234],
,Monaco,"38,423",202025,,,,0.0005%,31 Dec 2024,Census[235],
,Gibraltar(UK),"38,000",202025,,,,0.0005%,14 Nov 2022,Preliminary census results[236],
,San Marino,"34,132",202025,,,,0.0004%,31 Aug 2025,Monthly national estimate[237],
,Saint Martin(France),"31,496",202025,,,,0.0004%,1 Jan 2025,Official estimate[238],
,Bonaire(Netherlands),"26,552",202025,,,,0.0003%,1 Jul 2025,Official estimate,
,Palau,"16,733",202025,,,,0.0002%,1 Jul 2021,2021 Census[239],
,Anguilla(UK),"16,010",202025,,,,0.0002%,31 Dec 2024,Official estimate[240],
,Cook Islands(New Zealand),"15,040",202025,,,,0.0002%,1 Jul 2021,2021 Census[241],
,Nauru,"11,680",202025,,,,0.0001%,30 Oct 2021,2021 Census[242],
,Wallis and Futuna(France),"11,620",202025,,,,0.0001%,24 Jul 2023,2023 Census[243],
,Tuvalu,"10,643",202025,,,,0.0001%,12 Dec 2022,2022 Census[244],
,Saint Barthélemy(France),"10,562",202025,,,,0.0001%,1 Jan 2025,Official estimate[238],
,Saint Pierre and Miquelon(France),"5,819",202025,,,,0%,1 Jan 2025,Official estimate[238],
,"Saint Helena, Ascension and Tristan da Cunha(UK)","5,651",202025,,,,0%,1 Jul 2021,2021 Census[245][246][247],
,Montserrat(UK),"4,386",202025,,,,0%,23 Sep 2023,2023 census result[248],
,Falkland Islands(UK),"3,662",202025,,,,0%,10 Oct 2021,2021 census result[249],
,Norfolk Island(Australia),"2,188",202025,,,,0%,1 Jan 2021,2021 Census[250],
,Saba(Netherlands),"2,158",202025,,,,0%,1 Jul 2025,Official estimate,
,Christmas Island(Australia),"1,692",202025,,,,0%,1 Jan 2021,2021 Census[251],
,Niue(New Zealand),"1,681",202025,,,,0%,11 Nov 2022,2022 Census[252],
,Tokelau(New Zealand),"1,647",202025,,,,0%,1 Jan 2019,2019 Census[253],
,Vatican City,882,202025,,,,0%,31 Dec 2024,Official figure[254],[ah]
,Cocos (Keeling) Islands(Australia),593,202025,,,,0%,30 Jun 2020,2021 Census[255],
,Pitcairn Islands(UK),35,202025,,,,0%,1 Jul 2023,Official estimate[256],
